,run_id,dataset_name,classifier,llm,classifier_accuracy,classifier_precision,classifier_recall,classifier_f1,classifier_balanced_accuracy,classifier_cohen_kappa,classifier_mcc,prompt_header_llm_concept,prompt_content_llm_concept,prompt_tail_llm_concept,prompt_header_llm_train,prompt_content_llm_train,prompt_tail_llm_train,prompt_llm_simulation,llm_predicted_concept
0,1,go_emotions,roberta-base-go_emotions,EleutherAI/gpt-neo-1.3B,0.593,0.48366176451522447,0.4842700985169351,0.46995132341396,0.4842700985169351,0.5319843289494716,0.5331733355299653,"In few words I will guess, what the task is.
","{x_test} -> {y_test}
",In the task is:,"I am a classificator. I will find sentiment and answer in exactly 1 word from the words listed below.
","{x_train} -> {y_train}
",,{x_test} -> ,What is it that is
1,1,go_emotions,roberta-base-go_emotions,EleutherAI/gpt-j-6b,0.593,0.48366176451522447,0.4842700985169351,0.46995132341396,0.4842700985169351,0.5319843289494716,0.5331733355299653,"In few words I will guess, what the task is.
","{x_test} -> {y_test}
",In the task is:,"I am a classificator. I will find sentiment and answer in exactly 1 word from the words listed below.
","{x_train} -> {y_train}
",,{x_test} -> ,(1) to pick
